Amisha,k,amisharkottary18@gmail.com,goa,goa,Goa,565611,India,Amisha,Ami@2000,Ami@2000
dhanyashree,,dhanya@gmail.com,goa,goa,Goa,75638,India,dhanyashree,Dhany123,Dhany123
dhanyashree,nayak,,goa,goa,Goa,778638,India,dhanyashree,Dhany124,Dhany124
dhanyashree,nayak,dhanya@gmail.com,,goa,Goa,54677,India,dhanyashree,Dhany125,Dhany125
dhanyashree,nayak,dhanya@gmail.com,goa,,Goa,23452,India,dhanyashree,Dhany126,Dhany126
dhanyashree,nayak,dhanya@gmail.com,goa,goa,Goa,,India,dhanyashree,Dhany128,Dhany128
dhanyashree,nayak,dhanya@gmail.com,goa,goa,Goa,657656,India,,Dhany130,Dhany130
dhanyashree,nayak,dhanya@gmail.com,goa,goa,Goa,657656,India,dhanyashree,,Dhany131
dhanyashree,nayak,dhanya@gmail.com,goa,goa,Goa,657656,India,dhanyashree,Dhany123,
dhanyashree,nayak,dhanya@gmail.com,goa,goa,Goa,657656,India,dhanyashree,Dhany132,Dhany139
dhanyashree,nayak,dhanya@gmail.com,goa,goa,Goa,657656,India,dhanyashree,Dhany134,Dhany134
